Workbook

Sheet Dados
A1: Data | B1: Estabelecimento | C1: CNPJ | D1: Codigo | E1: Produto | F1: Qtde | G1: Unidade | H1: Vl. Unit. | I1: Vl. Total | J1: Nota (Numero)
A2: 06/02/2026 | B2: WMS SUPERMERCADOS DO BRASIL LTDA | C2: 93.209.765/0697-45 | D2: AR012380 | E2: REF.COCA-COLA PET | F2: 2 | G2: UND | H2: 11.99 | I2: =IF(F2="","",F2*H2) -> 23.98 | J2: 17193
A3: 06/02/2026 | B3: WMS SUPERMERCADOS DO BRASIL LTDA | C3: 93.209.765/0697-45 | D3: AR079088 | E3: ENERGETICO MONSTER | F3: 1 | G3: UND | H3: 8.89 | I3: =IF(F3="","",F3*H3) -> 8.89 | J3: 17193
A4: 06/02/2026 | B4: WMS SUPERMERCADOS DO BRASIL LTDA | C4: 93.209.765/0697-45 | D4: AR057007 | E4: ENERG.MONSTER LATA | F4: 1 | G4: UND | H4: 8.89 | I4: =IF(F4="","",F4*H4) -> 8.89 | J4: 17193
A5: 06/02/2026 | B5: WMS SUPERMERCADOS DO BRASIL LTDA | C5: 93.209.765/0697-45 | D5: AR021024 | E5: NESCAFE MATINAL VDO | F5: 1 | G5: UND | H5: 39.9 | I5: =IF(F5="","",F5*H5) -> 39.9 | J5: 17193
A6: 06/02/2026 | B6: WMS SUPERMERCADOS DO BRASIL LTDA | C6: 93.209.765/0697-45 | D6: AR076507 | E6: QUEIJO RALADO | F6: 4 | G6: UND | H6: 3.39 | I6: =IF(F6="","",F6*H6) -> 13.56 | J6: 17193
A7: 06/02/2026 | B7: WMS SUPERMERCADOS DO BRASIL LTDA | C7: 93.209.765/0697-45 | D7: AR074974 | E7: CALDO SAZON COSTELA | F7: 1 | G7: UND | H7: 2.19 | I7: =IF(F7="","",F7*H7) -> 2.19 | J7: 17193
A8: 06/02/2026 | B8: WMS SUPERMERCADOS DO BRASIL LTDA | C8: 93.209.765/0697-45 | D8: AR089273 | E8: PAO FORMA KIM | F8: 1 | G8: UND | H8: 5.49 | I8: =IF(F8="","",F8*H8) -> 5.49 | J8: 17193
A9: 06/02/2026 | B9: WMS SUPERMERCADOS DO BRASIL LTDA | C9: 93.209.765/0697-45 | D9: AR067491 | E9: ERVILHA/MILHO BONARE | F9: 3 | G9: UND | H9: 3.79 | I9: =IF(F9="","",F9*H9) -> 11.37 | J9: 17193
A10: 06/02/2026 | B10: WMS SUPERMERCADOS DO BRASIL LTDA | C10: 93.209.765/0697-45 | D10: AR045984 | E10: OVO BCO GD PVC | F10: 1 | G10: BDJ | H10: 9.9 | I10: =IF(F10="","",F10*H10) -> 9.9 | J10: 17193
A11: 06/02/2026 | B11: WMS SUPERMERCADOS DO BRASIL LTDA | C11: 93.209.765/0697-45 | D11: AR049706 | E11: CREME LEITE PIRACAMJ | F11: 3 | G11: UND | H11: 4.79 | I11: =IF(F11="","",F11*H11) -> 14.37 | J11: 17193
A12: 06/02/2026 | B12: WMS SUPERMERCADOS DO BRASIL LTDA | C12: 93.209.765/0697-45 | D12: AR011492 | E12: MIX P/REFOGAR KITANO | F12: 1 | G12: UND | H12: 6.5 | I12: =IF(F12="","",F12*H12) -> 6.5 | J12: 17193
A13: 06/02/2026 | B13: WMS SUPERMERCADOS DO BRASIL LTDA | C13: 93.209.765/0697-45 | D13: AR065005 | E13: BISC.TRAKINAS RECH. | F13: 3 | G13: UND | H13: 3.25 | I13: =IF(F13="","",F13*H13) -> 9.75 | J13: 17193
... A72: 29/04/2026 | B72: WMS SUPERMERCADOS DO BRASIL LTDA | C72: 93.209.765/0697-45 | D72: AR046717 | E72: CEREAL MAT.NESTLE | F72: 1 | G72: UND | H72: 9.39 | I72: =IF(F72="","",F72*H72) -> 9.39 | J72: 34472

Sheet Comparativo
A1: Produto | B1: Preco Min | C1: Preco Max | D1: Preco Medio | E1: Variacao R$ | F1: Variacao % | G1: Nº Compras
A2: ABS.ALWAYS NOT.SUAVE | B2: {=MIN(IF(Dados!$E$2:$E$501=$A2,Dados!$H$2:$H$501))} -> 19.9 | C2: {=MAX(IF(Dados!$E$2:$E$501=$A2,Dados!$H$2:$H$501))} -> 19.9 | D2: {=AVERAGE(IF(Dados!$E$2:$E$501=$A2,Dados!$H$2:$H$501))} -> 19.9 | E2: =C2-B2 -> 0 | F2: =IF(B2=0,0,(C2-B2)/B2) -> 0 | G2: =COUNTIF(Dados!$E$2:$E$501,$A2) -> 1
A3: BANANA NANICA | B3: {=MIN(IF(Dados!$E$2:$E$501=$A3,Dados!$H$2:$H$501))} -> 6.99 | C3: {=MAX(IF(Dados!$E$2:$E$501=$A3,Dados!$H$2:$H$501))} -> 6.99 | D3: {=AVERAGE(IF(Dados!$E$2:$E$501=$A3,Dados!$H$2:$H$501))} -> 6.99 | E3: =C3-B3 -> 0 | F3: =IF(B3=0,0,(C3-B3)/B3) -> 0 | G3: =COUNTIF(Dados!$E$2:$E$501,$A3) -> 1
A4: BANANA PRATA | B4: {=MIN(IF(Dados!$E$2:$E$501=$A4,Dados!$H$2:$H$501))} -> 9.9 | C4: {=MAX(IF(Dados!$E$2:$E$501=$A4,Dados!$H$2:$H$501))} -> 9.9 | D4: {=AVERAGE(IF(Dados!$E$2:$E$501=$A4,Dados!$H$2:$H$501))} -> 9.9 | E4: =C4-B4 -> 0 | F4: =IF(B4=0,0,(C4-B4)/B4) -> 0 | G4: =COUNTIF(Dados!$E$2:$E$501,$A4) -> 1
A5: BATATA BULNEZ | B5: {=MIN(IF(Dados!$E$2:$E$501=$A5,Dados!$H$2:$H$501))} -> 23.9 | C5: {=MAX(IF(Dados!$E$2:$E$501=$A5,Dados!$H$2:$H$501))} -> 23.9 | D5: {=AVERAGE(IF(Dados!$E$2:$E$501=$A5,Dados!$H$2:$H$501))} -> 23.9 | E5: =C5-B5 -> 0 | F5: =IF(B5=0,0,(C5-B5)/B5) -> 0 | G5: =COUNTIF(Dados!$E$2:$E$501,$A5) -> 1
A6: BIG CHICKEN PERDIGAO | B6: {=MIN(IF(Dados!$E$2:$E$501=$A6,Dados!$H$2:$H$501))} -> 26.5 | C6: {=MAX(IF(Dados!$E$2:$E$501=$A6,Dados!$H$2:$H$501))} -> 26.5 | D6: {=AVERAGE(IF(Dados!$E$2:$E$501=$A6,Dados!$H$2:$H$501))} -> 26.5 | E6: =C6-B6 -> 0 | F6: =IF(B6=0,0,(C6-B6)/B6) -> 0 | G6: =COUNTIF(Dados!$E$2:$E$501,$A6) -> 1
A7: BISC.TRAKINAS RECH. | B7: {=MIN(IF(Dados!$E$2:$E$501=$A7,Dados!$H$2:$H$501))} -> 3.25 | C7: {=MAX(IF(Dados!$E$2:$E$501=$A7,Dados!$H$2:$H$501))} -> 3.25 | D7: {=AVERAGE(IF(Dados!$E$2:$E$501=$A7,Dados!$H$2:$H$501))} -> 3.25 | E7: =C7-B7 -> 0 | F7: =IF(B7=0,0,(C7-B7)/B7) -> 0 | G7: =COUNTIF(Dados!$E$2:$E$501,$A7) -> 1
A8: BOV.ACEM S/OSSO RESE | B8: {=MIN(IF(Dados!$E$2:$E$501=$A8,Dados!$H$2:$H$501))} -> 37.9 | C8: {=MAX(IF(Dados!$E$2:$E$501=$A8,Dados!$H$2:$H$501))} -> 37.9 | D8: {=AVERAGE(IF(Dados!$E$2:$E$501=$A8,Dados!$H$2:$H$501))} -> 37.9 | E8: =C8-B8 -> 0 | F8: =IF(B8=0,0,(C8-B8)/B8) -> 0 | G8: =COUNTIF(Dados!$E$2:$E$501,$A8) -> 1
A9: CALDO SAZON COSTELA | B9: {=MIN(IF(Dados!$E$2:$E$501=$A9,Dados!$H$2:$H$501))} -> 2.19 | C9: {=MAX(IF(Dados!$E$2:$E$501=$A9,Dados!$H$2:$H$501))} -> 2.19 | D9: {=AVERAGE(IF(Dados!$E$2:$E$501=$A9,Dados!$H$2:$H$501))} -> 2.19 | E9: =C9-B9 -> 0 | F9: =IF(B9=0,0,(C9-B9)/B9) -> 0 | G9: =COUNTIF(Dados!$E$2:$E$501,$A9) -> 1
A10: CAMARAO S/CABECA | B10: {=MIN(IF(Dados!$E$2:$E$501=$A10,Dados!$H$2:$H$501))} -> 24.9 | C10: {=MAX(IF(Dados!$E$2:$E$501=$A10,Dados!$H$2:$H$501))} -> 24.9 | D10: {=AVERAGE(IF(Dados!$E$2:$E$501=$A10,Dados!$H$2:$H$501))} -> 24.9 | E10: =C10-B10 -> 0 | F10: =IF(B10=0,0,(C10-B10)/B10) -> 0 | G10: =COUNTIF(Dados!$E$2:$E$501,$A10) -> 1
A11: CEBOLA ATACADAO | B11: {=MIN(IF(Dados!$E$2:$E$501=$A11,Dados!$H$2:$H$501))} -> 3.29 | C11: {=MAX(IF(Dados!$E$2:$E$501=$A11,Dados!$H$2:$H$501))} -> 3.29 | D11: {=AVERAGE(IF(Dados!$E$2:$E$501=$A11,Dados!$H$2:$H$501))} -> 3.29 | E11: =C11-B11 -> 0 | F11: =IF(B11=0,0,(C11-B11)/B11) -> 0 | G11: =COUNTIF(Dados!$E$2:$E$501,$A11) -> 1
A12: CEREAL MAT.NESTLE | B12: {=MIN(IF(Dados!$E$2:$E$501=$A12,Dados!$H$2:$H$501))} -> 9.39 | C12: {=MAX(IF(Dados!$E$2:$E$501=$A12,Dados!$H$2:$H$501))} -> 9.39 | D12: {=AVERAGE(IF(Dados!$E$2:$E$501=$A12,Dados!$H$2:$H$501))} -> 9.39 | E12: =C12-B12 -> 0 | F12: =IF(B12=0,0,(C12-B12)/B12) -> 0 | G12: =COUNTIF(Dados!$E$2:$E$501,$A12) -> 1
A13: CHA DR OETKER | B13: {=MIN(IF(Dados!$E$2:$E$501=$A13,Dados!$H$2:$H$501))} -> 7.58 | C13: {=MAX(IF(Dados!$E$2:$E$501=$A13,Dados!$H$2:$H$501))} -> 7.58 | D13: {=AVERAGE(IF(Dados!$E$2:$E$501=$A13,Dados!$H$2:$H$501))} -> 7.58 | E13: =C13-B13 -> 0 | F13: =IF(B13=0,0,(C13-B13)/B13) -> 0 | G13: =COUNTIF(Dados!$E$2:$E$501,$A13) -> 1
... A65: TOALHA UMED.SELECT | B65: {=MIN(IF(Dados!$E$2:$E$501=$A65,Dados!$H$2:$H$501))} -> 7.99 | C65: {=MAX(IF(Dados!$E$2:$E$501=$A65,Dados!$H$2:$H$501))} -> 7.99 | D65: {=AVERAGE(IF(Dados!$E$2:$E$501=$A65,Dados!$H$2:$H$501))} -> 7.99 | E65: =C65-B65 -> 0 | F65: =IF(B65=0,0,(C65-B65)/B65) -> 0 | G65: =COUNTIF(Dados!$E$2:$E$501,$A65) -> 1

Sheet Resumo por Nota
A1: Data | B1: Nota | C1: Itens | D1: Total R$
A2: 06/02/2026 | B2: 17193 | C2: =COUNTIF(Dados!$J$2:$J$501,B2) -> 30 | D2: =SUMIF(Dados!$J$2:$J$501,B2,Dados!$I$2:$I$501) -> 431.73575
A3: 21/05/2026 | B3: 30439 | C3: =COUNTIF(Dados!$J$2:$J$501,B3) -> 17 | D3: =SUMIF(Dados!$J$2:$J$501,B3,Dados!$I$2:$I$501) -> 219.1442
A4: 29/04/2026 | B4: 34472 | C4: =COUNTIF(Dados!$J$2:$J$501,B4) -> 24 | D4: =SUMIF(Dados!$J$2:$J$501,B4,Dados!$I$2:$I$501) -> 267.5419
A5: TOTAL | C5: =SUM(C2:C4) -> 71 | D5: =SUM(D2:D4) -> 918.42185
